{"count":1,"self":79.15100799999999,"total":113.42683,"children":{"InitializeActuators":{"count":9,"self":0.00075999999999999993,"total":0.00075999999999999993,"children":null},"InitializeSensors":{"count":9,"self":0.00079099999999999993,"total":0.00079099999999999993,"children":null},"AgentSendState":{"count":4884,"self":0.089492999999999989,"total":5.658624,"children":{"CollectObservations":{"count":43956,"self":0.842225,"total":0.842225,"children":null},"WriteActionMask":{"count":43956,"self":0.017706,"total":0.017706,"children":null},"RequestDecision":{"count":43956,"self":0.079836999999999991,"total":4.7092,"children":{"AgentInfo.ToProto":{"count":43956,"self":0.080954,"total":4.629363,"children":{"GenerateSensorData":{"count":43956,"self":4.5484088,"total":4.5484089999999995,"children":null}}}}}}},"DecideAction":{"count":4884,"self":24.4789984,"total":24.478997999999997,"children":null},"AgentAct":{"count":4884,"self":4.0890727999999994,"total":4.136609,"children":{"AgentInfo.ToProto":{"count":247,"self":0.000767,"total":0.047535999999999995,"children":{"GenerateSensorData":{"count":247,"self":0.046769,"total":0.046769,"children":null}}}}}},"gauges":{"ColorGroupingBehavior.CumulativeReward":{"count":247,"max":0.237002254,"min":-6.74608326,"runningAverage":-1.39461958,"value":-1.19149923,"weightedAverage":-2.051687}},"metadata":{"timer_format_version":"0.1.0","start_time_seconds":"1740450783","unity_version":"2022.3.57f1","command_line_arguments":"\/Applications\/Unity\/Hub\/Editor\/2022.3.57f1\/Unity.app\/Contents\/MacOS\/Unity -rebuildlibrary -cloudEnvironment production -projectpath \/Users\/boracles\/Github\/Agent","communication_protocol_version":"1.5.0","com.unity.ml-agents_version":"2.0.1","scene_name":"SampleScene","end_time_seconds":"1740450896"}}